Workbook

Sheet Employees
A1: Employee_ID | B1: Employee_Name | C1: Department | D1: Location | E1: Salary | F1: Hire_Date | G1: Projects_Completed | H1: Training_Hours | I1: Attendance_Bonus_Eligible | J1: Performance_Target_Met
A2: 1001 | B2: Ava Rodriguez | C2: Finance | D2: Chennai | E2: 93000 | F2: 42135 | G2: 5 | H2: 2 | I2: 1 | J2: 0
A3: 1002 | B3: David Johnson | C3: IT | D3: Bangalore | E3: 67000 | F3: 43368 | G3: 3 | H3: 1 | I3: 0 | J3: 1
A4: 1003 | B4: Chris Wilson | C4: Finance | D4: Chennai | E4: 85000 | F4: 44365 | G4: 4 | H4: 3 | I4: 1 | J4: 1
A5: 1004 | B5: Emily Davis | C5: IT | D5: Bangalore | E5: 71000 | F5: 42771 | G5: 2 | H5: 2 | I5: 0 | J5: 1
A6: 1005 | B6: Sophia Brown | C6: HR | D6: Hyderabad | E6: 58000 | F6: 43781 | G6: 2 | H6: 1 | I6: 0 | J6: 0
A7: 1006 | B7: Michael Smith | C7: IT | D7: Bangalore | E7: 88000 | F7: 42571 | G7: 5 | H7: 4 | I7: 1 | J7: 1
A8: 1007 | B8: Olivia Taylor | C8: HR | D8: Hyderabad | E8: 62000 | F8: 44635 | G8: 3 | H8: 2 | I8: 0 | J8: 1
A9: 1008 | B9: James Anderson | C9: Marketing | D9: Pune | E9: 75000 | F9: 43840 | G9: 4 | H9: 3 | I9: 1 | J9: 0
A10: 1009 | B10: Emma Thomas | C10: Finance | D10: Chennai | E10: 79000 | F10: 43699 | G10: 3 | H10: 2 | I10: 0 | J10: 1
A11: 1010 | B11: Daniel White | C11: Marketing | D11: Pune | E11: 69000 | F11: 43437 | G11: 2 | H11: 1 | I11: 0 | J11: 0
A12: 1011 | B12: Mia Martin | C12: IT | D12: Bangalore | E12: 95000 | F12: 41746 | G12: 5 | H12: 5 | I12: 1 | J12: 1
A13: 1012 | B13: Noah Clark | C13: HR | D13: Hyderabad | E13: 54000 | F13: 45078 | G13: 1 | H13: 1 | I13: 0 | J13: 0
... A16: 1015 | B16: Amelia Hall | C16: Finance | D16: Chennai | E16: 66000 | F16: 44585 | G16: 2 | H16: 2 | I16: 1 | J16: 0

Sheet Homework
A1: Question_No | B1: Topic | C1: Homework_Question | D1: Operator_or_Function
A2: 1 | B2: Arithmetic | C2: Calculate annual salary assuming monthly salary is Salary / 12. Use arithmetic operators to calculate monthly salary in a new column. | D2: Arithmetic operators (+, -, *, /)
A3: 2 | B3: Arithmetic | C3: Calculate a 10% salary increase for each employee. | D3: *
A4: 3 | B4: Arithmetic | C4: Calculate the annual bonus as 8% of Salary. | D4: *
A5: 4 | B5: Arithmetic | C5: Calculate the difference between Salary and 60,000. | D5: -
A6: 5 | B6: Arithmetic | C6: Calculate a project allowance of 1,500 per completed project. | D6: *
A7: 6 | B7: Comparison | C7: Return TRUE for employees whose Salary is greater than 80,000. | D7: >
A8: 7 | B8: Comparison | C8: Return TRUE for employees whose Salary is equal to 75,000. | D8: =
A9: 8 | B9: Comparison | C9: Identify employees whose Salary is not equal to 70,000. | D9: <>
A10: 9 | B10: Comparison | C10: Check whether Projects_Completed is greater than or equal to 4. | D10: >=
A11: 10 | B11: Comparison | C11: Check whether Training_Hours is less than 3. | D11: <
A12: 11 | B12: Logical | C12: Mark employees as eligible only when Salary is at least 75,000 AND Performance_Target_Met is 1. | D12: AND
A13: 12 | B13: Logical | C13: Mark employees as eligible when Department is Finance OR IT. | D13: OR
... A21: 20 | B21: Mixed | C21: Create a final eligibility check: Salary >= 75,000 AND (Attendance_Bonus_Eligible = 1 OR Performance_Target_Met = 1). | D21: AND, OR, >=, =

Sheet Instructions
A1: Excel Operators Homework
A2: Use the Employees sheet to answer the questions in the Homework sheet.
A3: Use Excel formulas where appropriate. Do not overwrite the original data.
A4: Assume Attendance_Bonus_Eligible and Performance_Target_Met use 1 = Yes and 0 = No.
A5: Suggested operators: +, -, *, /, ^, %, =, >, <, >=, <=, <>, &, AND, OR, NOT.
A6: Save your completed workbook with your answers or add a separate Answers sheet.
A7: Upload the answer file to GitHub repository

Sheet Answers
A1: Employee_ID | B1: Employee_Name | C1: Department | D1: Location | E1: Salary | F1: Hire_Date | G1: Projects_Completed | H1: Training_Hours | I1: Attendance_Bonus_Eligible | J1: Performance_Target_Met | K1: Monthly Salary | L1: Salary Increase 10% | M1: Annual Bonus 8% | N1: Difference b/w Salary and 60000 | O1: Project Allowance | P1: Salary>80000 | Q1: Salary = 75000 | R1: Salary<>70000 | S1: Project Completed >=4 | T1: Training Hours <3 | U1: Eligiblity(Salary atleast 75000 AND Performance Target Met 1) | V1: Finance OR IT | W1: NOT Eligible for an Attendance Bonus | X1: Salary atleast 80000 OR Project complete atleast 4 | Y1: Employee Name & Department | Z1: Dept IT AND Salary > 70000 | AA1: Dept Finance OR Salary below 60000 | AB1: Salary + 5% increase | AC1: Proposed Salary >80000 | AD1: Performance Allowance 2000 IF Performance Target Met is 1 | AE1: Eligibity Check
A2: 1001 | B2: Ava Rodriguez | C2: Finance | D2: Chennai | E2: 93000 | F2: 42135 | G2: 5 | H2: 2 | I2: 1 | J2: 0 | K2: =E2/12 -> 7750 | L2: =E2*10% -> 9300 | M2: =E2*8% -> 7440 | N2: =E2-60000 -> 33000 | O2: =G2*1500 -> 7500 | P2: =E2>80000 -> TRUE | Q2: =E2=75000 -> FALSE | R2: =E2<>70000 -> TRUE | S2: =G2>=4 -> TRUE | T2: =H2<3 -> TRUE | U2: =IF(AND(E2>=75000,J2=1),"Eligible","Not Eligible") -> Not Eligible | V2: =IF(OR(C2="Finance",C2="IT"),"Eligible","Not Eligible") -> Eligible | W2: =NOT(I2=1) -> FALSE | X2: =OR(Answers!E2>=80000,Answers!G2>=4) -> TRUE | Y2: ="Ava Rodrigues"&"-"&"Finance" -> Ava Rodrigues-Finance | Z2: =AND(C2="IT",E2>70000) -> FALSE | AA2: =OR(C2="finance",E2<60000) -> TRUE | AB2: =Table1[[#This Row],[Salary]]+4650 -> 97650 | AC2: =Table1[[#This Row],[ Salary + 5% increase]]>80000 -> TRUE | AD2: =IF(Table1[[#This Row],[Performance_Target_Met]]=1,"2000",0) -> 0 | AE2: =OR(Table1[[#This Row],[Attendance_Bonus_Eligible]]=1,Table1[[#This Row],[Performance_Target_Met]]=1,AND(Table1[[#This Row],[Salary]]>=75000)) -> TRUE
A3: 1002 | B3: David Johnson | C3: IT | D3: Bangalore | E3: 67000 | F3: 43368 | G3: 3 | H3: 1 | I3: 0 | J3: 1 | K3: =E3/12 -> 5583.3333 | L3: =E3*10% -> 6700 | M3: =E3*8% -> 5360 | N3: =E3-60000 -> 7000 | O3: =G3*1500 -> 4500 | P3: =E3>80000 -> FALSE | Q3: =E3=75000 -> FALSE | R3: =E3<>70000 -> TRUE | S3: =G3>=4 -> FALSE | T3: =H3<3 -> TRUE | U3: =IF(AND(E3>=75000,J3=1),"Eligible","Not Eligible") -> Not Eligible | V3: =IF(OR(C3="Finance",C3="IT"),"Eligible","Not Eligible") -> Eligible | W3: =NOT(I3=1) -> TRUE | X3: =OR(Answers!E3>=80000,Answers!G3>=4) -> FALSE | Y3: ="David Johnson"&"-"&"IT" -> David Johnson-IT | Z3: =AND(C3="IT",E3>70000) -> FALSE | AA3: =OR(C3="finance",E3<60000) -> FALSE | AB3: =Table1[[#This Row],[Salary]]+4650 -> 71650 | AC3: =Table1[[#This Row],[ Salary + 5% increase]]>80000 -> FALSE | AD3: =IF(Table1[[#This Row],[Performance_Target_Met]]=1,"2000",0) -> 2000 | AE3: =OR(Table1[[#This Row],[Attendance_Bonus_Eligible]]=1,Table1[[#This Row],[Performance_Target_Met]]=1,AND(Table1[[#This Row],[Salary]]>=75000)) -> TRUE
A4: 1003 | B4: Chris Wilson | C4: Finance | D4: Chennai | E4: 85000 | F4: 44365 | G4: 4 | H4: 3 | I4: 1 | J4: 1 | K4: =E4/12 -> 7083.3333 | L4: =E4*10% -> 8500 | M4: =E4*8% -> 6800 | N4: =E4-60000 -> 25000 | O4: =G4*1500 -> 6000 | P4: =E4>80000 -> TRUE | Q4: =E4=75000 -> FALSE | R4: =E4<>70000 -> TRUE | S4: =G4>=4 -> TRUE | T4: =H4<3 -> FALSE | U4: =IF(AND(E4>=75000,J4=1),"Eligible","Not Eligible") -> Eligible | V4: =IF(OR(C4="Finance",C4="IT"),"Eligible","Not Eligible") -> Eligible | W4: =NOT(I4=1) -> FALSE | X4: =OR(Answers!E4>=80000,Answers!G4>=4) -> TRUE | Y4: ="Chris Wilson"&"-"&"Finance" -> Chris Wilson-Finance | Z4: =AND(C4="IT",E4>70000) -> FALSE | AA4: =OR(C4="finance",E4<60000) -> TRUE | AB4: =Table1[[#This Row],[Salary]]+4650 -> 89650 | AC4: =Table1[[#This Row],[ Salary + 5% increase]]>80000 -> TRUE | AD4: =IF(Table1[[#This Row],[Performance_Target_Met]]=1,"2000",0) -> 2000 | AE4: =OR(Table1[[#This Row],[Attendance_Bonus_Eligible]]=1,Table1[[#This Row],[Performance_Target_Met]]=1,AND(Table1[[#This Row],[Salary]]>=75000)) -> TRUE
A5: 1004 | B5: Emily Davis | C5: IT | D5: Bangalore | E5: 71000 | F5: 42771 | G5: 2 | H5: 2 | I5: 0 | J5: 1 | K5: =E5/12 -> 5916.6667 | L5: =E5*10% -> 7100 | M5: =E5*8% -> 5680 | N5: =E5-60000 -> 11000 | O5: =G5*1500 -> 3000 | P5: =E5>80000 -> FALSE | Q5: =E5=75000 -> FALSE | R5: =E5<>70000 -> TRUE | S5: =G5>=4 -> FALSE | T5: =H5<3 -> TRUE | U5: =IF(AND(E5>=75000,J5=1),"Eligible","Not Eligible") -> Not Eligible | V5: =IF(OR(C5="Finance",C5="IT"),"Eligible","Not Eligible") -> Eligible | W5: =NOT(I5=1) -> TRUE | X5: =OR(Answers!E5>=80000,Answers!G5>=4) -> FALSE | Y5: ="Emily Davis"&"-"&"IT" -> Emily Davis-IT | Z5: =AND(C5="IT",E5>70000) -> TRUE | AA5: =OR(C5="finance",E5<60000) -> FALSE | AB5: =Table1[[#This Row],[Salary]]+4650 -> 75650 | AC5: =Table1[[#This Row],[ Salary + 5% increase]]>80000 -> FALSE | AD5: =IF(Table1[[#This Row],[Performance_Target_Met]]=1,"2000",0) -> 2000 | AE5: =OR(Table1[[#This Row],[Attendance_Bonus_Eligible]]=1,Table1[[#This Row],[Performance_Target_Met]]=1,AND(Table1[[#This Row],[Salary]]>=75000)) -> TRUE
A6: 1005 | B6: Sophia Brown | C6: HR | D6: Hyderabad | E6: 58000 | F6: 43781 | G6: 2 | H6: 1 | I6: 0 | J6: 0 | K6: =E6/12 -> 4833.3333 | L6: =E6*10% -> 5800 | M6: =E6*8% -> 4640 | N6: =E6-60000 -> -2000 | O6: =G6*1500 -> 3000 | P6: =E6>80000 -> FALSE | Q6: =E6=75000 -> FALSE | R6: =E6<>70000 -> TRUE | S6: =G6>=4 -> FALSE | T6: =H6<3 -> TRUE | U6: =IF(AND(E6>=75000,J6=1),"Eligible","Not Eligible") -> Not Eligible | V6: =IF(OR(C6="Finance",C6="IT"),"Eligible","Not Eligible") -> Not Eligible | W6: =NOT(I6=1) -> TRUE | X6: =OR(Answers!E6>=80000,Answers!G6>=4) -> FALSE | Y6: ="Sophia Brown"&"-"&"HR" -> Sophia Brown-HR | Z6: =AND(C6="IT",E6>70000) -> FALSE | AA6: =OR(C6="finance",E6<60000) -> TRUE | AB6: =Table1[[#This Row],[Salary]]+4650 -> 62650 | AC6: =Table1[[#This Row],[ Salary + 5% increase]]>80000 -> FALSE | AD6: =IF(Table1[[#This Row],[Performance_Target_Met]]=1,"2000",0) -> 0 | AE6: =OR(Table1[[#This Row],[Attendance_Bonus_Eligible]]=1,Table1[[#This Row],[Performance_Target_Met]]=1,AND(Table1[[#This Row],[Salary]]>=75000)) -> FALSE
A7: 1006 | B7: Michael Smith | C7: IT | D7: Bangalore | E7: 88000 | F7: 42571 | G7: 5 | H7: 4 | I7: 1 | J7: 1 | K7: =E7/12 -> 7333.3333 | L7: =E7*10% -> 8800 | M7: =E7*8% -> 7040 | N7: =E7-60000 -> 28000 | O7: =G7*1500 -> 7500 | P7: =E7>80000 -> TRUE | Q7: =E7=75000 -> FALSE | R7: =E7<>70000 -> TRUE | S7: =G7>=4 -> TRUE | T7: =H7<3 -> FALSE | U7: =IF(AND(E7>=75000,J7=1),"Eligible","Not Eligible") -> Eligible | V7: =IF(OR(C7="Finance",C7="IT"),"Eligible","Not Eligible") -> Eligible | W7: =NOT(I7=1) -> FALSE | X7: =OR(Answers!E7>=80000,Answers!G7>=4) -> TRUE | Y7: ="Michael Smith"&"-"&"IT" -> Michael Smith-IT | Z7: =AND(C7="IT",E7>70000) -> TRUE | AA7: =OR(C7="finance",E7<60000) -> FALSE | AB7: =Table1[[#This Row],[Salary]]+4650 -> 92650 | AC7: =Table1[[#This Row],[ Salary + 5% increase]]>80000 -> TRUE | AD7: =IF(Table1[[#This Row],[Performance_Target_Met]]=1,"2000",0) -> 2000 | AE7: =OR(Table1[[#This Row],[Attendance_Bonus_Eligible]]=1,Table1[[#This Row],[Performance_Target_Met]]=1,AND(Table1[[#This Row],[Salary]]>=75000)) -> TRUE
A8: 1007 | B8: Olivia Taylor | C8: HR | D8: Hyderabad | E8: 62000 | F8: 44635 | G8: 3 | H8: 2 | I8: 0 | J8: 1 | K8: =E8/12 -> 5166.6667 | L8: =E8*10% -> 6200 | M8: =E8*8% -> 4960 | N8: =E8-60000 -> 2000 | O8: =G8*1500 -> 4500 | P8: =E8>80000 -> FALSE | Q8: =E8=75000 -> FALSE | R8: =E8<>70000 -> TRUE | S8: =G8>=4 -> FALSE | T8: =H8<3 -> TRUE | U8: =IF(AND(E8>=75000,J8=1),"Eligible","Not Eligible") -> Not Eligible | V8: =IF(OR(C8="Finance",C8="IT"),"Eligible","Not Eligible") -> Not Eligible | W8: =NOT(I8=1) -> TRUE | X8: =OR(Answers!E8>=80000,Answers!G8>=4) -> FALSE | Y8: ="Olivia Tailor"&"-"&"HR" -> Olivia Tailor-HR | Z8: =AND(C8="IT",E8>70000) -> FALSE | AA8: =OR(C8="finance",E8<60000) -> FALSE | AB8: =Table1[[#This Row],[Salary]]+4650 -> 66650 | AC8: =Table1[[#This Row],[ Salary + 5% increase]]>80000 -> FALSE | AD8: =IF(Table1[[#This Row],[Performance_Target_Met]]=1,"2000",0) -> 2000 | AE8: =OR(Table1[[#This Row],[Attendance_Bonus_Eligible]]=1,Table1[[#This Row],[Performance_Target_Met]]=1,AND(Table1[[#This Row],[Salary]]>=75000)) -> TRUE
A9: 1008 | B9: James Anderson | C9: Marketing | D9: Pune | E9: 75000 | F9: 43840 | G9: 4 | H9: 3 | I9: 1 | J9: 0 | K9: =E9/12 -> 6250 | L9: =E9*10% -> 7500 | M9: =E9*8% -> 6000 | N9: =E9-60000 -> 15000 | O9: =G9*1500 -> 6000 | P9: =E9>80000 -> FALSE | Q9: =E9=75000 -> TRUE | R9: =E9<>70000 -> TRUE | S9: =G9>=4 -> TRUE | T9: =H9<3 -> FALSE | U9: =IF(AND(E9>=75000,J9=1),"Eligible","Not Eligible") -> Not Eligible | V9: =IF(OR(C9="Finance",C9="IT"),"Eligible","Not Eligible") -> Not Eligible | W9: =NOT(I9=1) -> FALSE | X9: =OR(Answers!E9>=80000,Answers!G9>=4) -> TRUE | Y9: ="James Anderson"&"-"&"Mareketing" -> James Anderson-Mareketing | Z9: =AND(C9="IT",E9>70000) -> FALSE | AA9: =OR(C9="finance",E9<60000) -> FALSE | AB9: =Table1[[#This Row],[Salary]]+4650 -> 79650 | AC9: =Table1[[#This Row],[ Salary + 5% increase]]>80000 -> FALSE | AD9: =IF(Table1[[#This Row],[Performance_Target_Met]]=1,"2000",0) -> 0 | AE9: =OR(Table1[[#This Row],[Attendance_Bonus_Eligible]]=1,Table1[[#This Row],[Performance_Target_Met]]=1,AND(Table1[[#This Row],[Salary]]>=75000)) -> TRUE
A10: 1009 | B10: Emma Thomas | C10: Finance | D10: Chennai | E10: 79000 | F10: 43699 | G10: 3 | H10: 2 | I10: 0 | J10: 1 | K10: =E10/12 -> 6583.3333 | L10: =E10*10% -> 7900 | M10: =E10*8% -> 6320 | N10: =E10-60000 -> 19000 | O10: =G10*1500 -> 4500 | P10: =E10>80000 -> FALSE | Q10: =E10=75000 -> FALSE | R10: =E10<>70000 -> TRUE | S10: =G10>=4 -> FALSE | T10: =H10<3 -> TRUE | U10: =IF(AND(E10>=75000,J10=1),"Eligible","Not Eligible") -> Eligible | V10: =IF(OR(C10="Finance",C10="IT"),"Eligible","Not Eligible") -> Eligible | W10: =NOT(I10=1) -> TRUE | X10: =OR(Answers!E10>=80000,Answers!G10>=4) -> FALSE | Y10: ="Emma Thomas"&"-"&"Finance" -> Emma Thomas-Finance | Z10: =AND(C10="IT",E10>70000) -> FALSE | AA10: =OR(C10="finance",E10<60000) -> TRUE | AB10: =Table1[[#This Row],[Salary]]+4650 -> 83650 | AC10: =Table1[[#This Row],[ Salary + 5% increase]]>80000 -> TRUE | AD10: =IF(Table1[[#This Row],[Performance_Target_Met]]=1,"2000",0) -> 2000 | AE10: =OR(Table1[[#This Row],[Attendance_Bonus_Eligible]]=1,Table1[[#This Row],[Performance_Target_Met]]=1,AND(Table1[[#This Row],[Salary]]>=75000)) -> TRUE
A11: 1010 | B11: Daniel White | C11: Marketing | D11: Pune | E11: 69000 | F11: 43437 | G11: 2 | H11: 1 | I11: 0 | J11: 0 | K11: =E11/12 -> 5750 | L11: =E11*10% -> 6900 | M11: =E11*8% -> 5520 | N11: =E11-60000 -> 9000 | O11: =G11*1500 -> 3000 | P11: =E11>80000 -> FALSE | Q11: =E11=75000 -> FALSE | R11: =E11<>70000 -> TRUE | S11: =G11>=4 -> FALSE | T11: =H11<3 -> TRUE | U11: =IF(AND(E11>=75000,J11=1),"Eligible","Not Eligible") -> Not Eligible | V11: =IF(OR(C11="Finance",C11="IT"),"Eligible","Not Eligible") -> Not Eligible | W11: =NOT(I11=1) -> TRUE | X11: =OR(Answers!E11>=80000,Answers!G11>=4) -> FALSE | Y11: ="Daniel White"&"-"&"Marketing" -> Daniel White-Marketing | Z11: =AND(C11="IT",E11>70000) -> FALSE | AA11: =OR(C11="finance",E11<60000) -> FALSE | AB11: =Table1[[#This Row],[Salary]]+4650 -> 73650 | AC11: =Table1[[#This Row],[ Salary + 5% increase]]>80000 -> FALSE | AD11: =IF(Table1[[#This Row],[Performance_Target_Met]]=1,"2000",0) -> 0 | AE11: =OR(Table1[[#This Row],[Attendance_Bonus_Eligible]]=1,Table1[[#This Row],[Performance_Target_Met]]=1,AND(Table1[[#This Row],[Salary]]>=75000)) -> FALSE
A12: 1011 | B12: Mia Martin | C12: IT | D12: Bangalore | E12: 95000 | F12: 41746 | G12: 5 | H12: 5 | I12: 1 | J12: 1 | K12: =E12/12 -> 7916.6667 | L12: =E12*10% -> 9500 | M12: =E12*8% -> 7600 | N12: =E12-60000 -> 35000 | O12: =G12*1500 -> 7500 | P12: =E12>80000 -> TRUE | Q12: =E12=75000 -> FALSE | R12: =E12<>70000 -> TRUE | S12: =G12>=4 -> TRUE | T12: =H12<3 -> FALSE | U12: =IF(AND(E12>=75000,J12=1),"Eligible","Not Eligible") -> Eligible | V12: =IF(OR(C12="Finance",C12="IT"),"Eligible","Not Eligible") -> Eligible | W12: =NOT(I12=1) -> FALSE | X12: =OR(Answers!E12>=80000,Answers!G12>=4) -> TRUE | Y12: ="Mia Martin"&"-"&"IT" -> Mia Martin-IT | Z12: =AND(C12="IT",E12>70000) -> TRUE | AA12: =OR(C12="finance",E12<60000) -> FALSE | AB12: =Table1[[#This Row],[Salary]]+4650 -> 99650 | AC12: =Table1[[#This Row],[ Salary + 5% increase]]>80000 -> TRUE | AD12: =IF(Table1[[#This Row],[Performance_Target_Met]]=1,"2000",0) -> 2000 | AE12: =OR(Table1[[#This Row],[Attendance_Bonus_Eligible]]=1,Table1[[#This Row],[Performance_Target_Met]]=1,AND(Table1[[#This Row],[Salary]]>=75000)) -> TRUE
A13: 1012 | B13: Noah Clark | C13: HR | D13: Hyderabad | E13: 54000 | F13: 45078 | G13: 1 | H13: 1 | I13: 0 | J13: 0 | K13: =E13/12 -> 4500 | L13: =E13*10% -> 5400 | M13: =E13*8% -> 4320 | N13: =E13-60000 -> -6000 | O13: =G13*1500 -> 1500 | P13: =E13>80000 -> FALSE | Q13: =E13=75000 -> FALSE | R13: =E13<>70000 -> TRUE | S13: =G13>=4 -> FALSE | T13: =H13<3 -> TRUE | U13: =IF(AND(E13>=75000,J13=1),"Eligible","Not Eligible") -> Not Eligible | V13: =IF(OR(C13="Finance",C13="IT"),"Eligible","Not Eligible") -> Not Eligible | W13: =NOT(I13=1) -> TRUE | X13: =OR(Answers!E13>=80000,Answers!G13>=4) -> FALSE | Y13: ="Noah Clark"&"-"&"HR" -> Noah Clark-HR | Z13: =AND(C13="IT",E13>70000) -> FALSE | AA13: =OR(C13="finance",E13<60000) -> TRUE | AB13: =Table1[[#This Row],[Salary]]+4650 -> 58650 | AC13: =Table1[[#This Row],[ Salary + 5% increase]]>80000 -> FALSE | AD13: =IF(Table1[[#This Row],[Performance_Target_Met]]=1,"2000",0) -> 0 | AE13: =OR(Table1[[#This Row],[Attendance_Bonus_Eligible]]=1,Table1[[#This Row],[Performance_Target_Met]]=1,AND(Table1[[#This Row],[Salary]]>=75000)) -> FALSE
A14: 1013 | B14: Isabella Lewis | C14: Sales | D14: Kochi | E14: 72000 | F14: 44088 | G14: 4 | H14: 2 | I14: 1 | J14: 1 | K14: =E14/12 -> 6000 | L14: =E14*10% -> 7200 | M14: =E14*8% -> 5760 | N14: =E14-60000 -> 12000 | O14: =G14*1500 -> 6000 | P14: =E14>80000 -> FALSE | Q14: =E14=75000 -> FALSE | R14: =E14<>70000 -> TRUE | S14: =G14>=4 -> TRUE | T14: =H14<3 -> TRUE | U14: =IF(AND(E14>=75000,J14=1),"Eligible","Not Eligible") -> Not Eligible | V14: =IF(OR(C14="Finance",C14="IT"),"Eligible","Not Eligible") -> Not Eligible | W14: =NOT(I14=1) -> FALSE | X14: =OR(Answers!E14>=80000,Answers!G14>=4) -> TRUE | Y14: ="Isabella Lewis"&"-"&"Sales" -> Isabella Lewis-Sales | Z14: =AND(C14="IT",E14>70000) -> FALSE | AA14: =OR(C14="finance",E14<60000) -> FALSE | AB14: =Table1[[#This Row],[Salary]]+4650 -> 76650 | AC14: =Table1[[#This Row],[ Salary + 5% increase]]>80000 -> FALSE | AD14: =IF(Table1[[#This Row],[Performance_Target_Met]]=1,"2000",0) -> 2000 | AE14: =OR(Table1[[#This Row],[Attendance_Bonus_Eligible]]=1,Table1[[#This Row],[Performance_Target_Met]]=1,AND(Table1[[#This Row],[Salary]]>=75000)) -> TRUE
A15: 1014 | B15: Ethan Walker | C15: Sales | D15: Kochi | E15: 81000 | F15: 43038 | G15: 3 | H15: 3 | I15: 0 | J15: 1 | K15: =E15/12 -> 6750 | L15: =E15*10% -> 8100 | M15: =E15*8% -> 6480 | N15: =E15-60000 -> 21000 | O15: =G15*1500 -> 4500 | P15: =E15>80000 -> TRUE | Q15: =E15=75000 -> FALSE | R15: =E15<>70000 -> TRUE | S15: =G15>=4 -> FALSE | T15: =H15<3 -> FALSE | U15: =IF(AND(E15>=75000,J15=1),"Eligible","Not Eligible") -> Eligible | V15: =IF(OR(C15="Finance",C15="IT"),"Eligible","Not Eligible") -> Not Eligible | W15: =NOT(I15=1) -> TRUE | X15: =OR(Answers!E15>=80000,Answers!G15>=4) -> TRUE | Y15: ="Ethan Walker"&"-"&"Sales" -> Ethan Walker-Sales | Z15: =AND(C15="IT",E15>70000) -> FALSE | AA15: =OR(C15="finance",E15<60000) -> FALSE | AB15: =Table1[[#This Row],[Salary]]+4650 -> 85650 | AC15: =Table1[[#This Row],[ Salary + 5% increase]]>80000 -> TRUE | AD15: =IF(Table1[[#This Row],[Performance_Target_Met]]=1,"2000",0) -> 2000 | AE15: =OR(Table1[[#This Row],[Attendance_Bonus_Eligible]]=1,Table1[[#This Row],[Performance_Target_Met]]=1,AND(Table1[[#This Row],[Salary]]>=75000)) -> TRUE
A16: 1015 | B16: Amelia Hall | C16: Finance | D16: Chennai | E16: 66000 | F16: 44585 | G16: 2 | H16: 2 | I16: 1 | J16: 0 | K16: =E16/12 -> 5500 | L16: =E16*10% -> 6600 | M16: =E16*8% -> 5280 | N16: =E16-60000 -> 6000 | O16: =G16*1500 -> 3000 | P16: =E16>80000 -> FALSE | Q16: =E16=75000 -> FALSE | R16: =E16<>70000 -> TRUE | S16: =G16>=4 -> FALSE | T16: =H16<3 -> TRUE | U16: =IF(AND(E16>=75000,J16=1),"Eligible","Not Eligible") -> Not Eligible | V16: =IF(OR(C16="Finance",C16="IT"),"Eligible","Not Eligible") -> Eligible | W16: =NOT(I16=1) -> FALSE | X16: =OR(Answers!E16>=80000,Answers!G16>=4) -> FALSE | Y16: ="Amelia Hall"&"-"&"Finance" -> Amelia Hall-Finance | Z16: =AND(C16="IT",E16>70000) -> FALSE | AA16: =OR(C16="finance",E16<60000) -> TRUE | AB16: =Table1[[#This Row],[Salary]]+4650 -> 70650 | AC16: =Table1[[#This Row],[ Salary + 5% increase]]>80000 -> FALSE | AD16: =IF(Table1[[#This Row],[Performance_Target_Met]]=1,"2000",0) -> 0 | AE16: =OR(Table1[[#This Row],[Attendance_Bonus_Eligible]]=1,Table1[[#This Row],[Performance_Target_Met]]=1,AND(Table1[[#This Row],[Salary]]>=75000)) -> TRUE
B19: 5% of Salary | C19: =E2*5/100 -> 4650 | Q19: =93000*5% -> 4650
